question,gt_answer,pred_answer,vt5_answer,qwen_answer,gt_page_idx,pages_pred,anls,vt5_anls,retrieval_precision@k,chunk_score@k,confidence,retrieved_chunks,E,C,H,DUDU_score,dudu_justification
What metric does client Carlos L√≥pez suggest adding to the main panel of the sales dashboard?,the average ticket,Add average ticket to the main panel.,average ticket,Add average ticket to the main panel.,1,2,0.0,0.7777777777777778,0.0,0.8744691179161412,0.9989709258079529,"2025 Client Carlos L√≥pez ‚Äì Sales dashboard Wed, 01 Oct 2025 12:01:05 -0600 Thanks, Ana. This level of detail is enough for now. Let‚Äôs add to the backlog: - Improve visibility of the branch filter. - Evaluate performance during peak hours. - Add average ticket to the main panel. You can close this case and move on to the next client. close",3,3,3,1.0000,"La respuesta del modelo es precisa y completa, identificando correctamente la m√©trica solicitada por Carlos L√≥pez y est√° directamente apoyada por el contexto recuperado."
"In the case of push notifications, what type of messages does Mariana mention as especially annoying?",cart reminder and daily promotion notifications,cart reminders,cart reminders,cart reminders,4,6;5,0.0,0.0,0.0,0.767339243209725,0.9999130964279175,"Mariana the app is useful for buying. Hope this helps. Mariana [EVENT: summary_forwarded_to_lead | timestamp: 2025-10-03 18:05:12 | actor: team_member | status: pending] From: To: Subject: Date: ""Diego Ram√≠rez"" <diego.ramirez@acme.com> ""Jos√© Mart√≠nez"" <jose.martinez@acme.com> Follow-up summary ‚Äì Push notifications ‚Äì Mariana P√©rez Fri, 03 Oct 2025 18:05:12 -0600 Hi Jos√©, Follow-up on Mariana‚Äôs case: - Annoying notifications: almost daily, especially cart reminders. Mariana‚Äôs

---

From: To: Subject: Date: ""Diego Ram√≠rez"" <diego.ramirez@acme.com> ""Jos√© Mart√≠nez"" <jose.martinez@acme.com> Feedback summary ‚Äì Push notifications ‚Äì Client Mariana P√©rez Fri, 03 Oct 2025 14:02:55 -0600 Hi Jos√©, Here‚Äôs the summary of Mariana P√©rez‚Äôs feedback on push notifications: - She feels she gets ‚Äúa lot‚Äù of notifications, especially cart reminders and daily promotions. - She says the settings menu is confusing daily",1,1,2,0.4000,"The model correctly identifies 'cart reminders' from the context. However, it omits 'daily promotion notifications,' which is also explicitly mentioned in both the gold answer and the retrieved context, making the answer significantly incomplete. What is stated is grounded in R, but not fully complete."
"When exporting to Excel, what problem does Luis have with the date format?",the dates appear as text,The date format changes and it shows up as text.,the date format changes (it shows up as text).,The date format changes and it shows up as text.,8,8,0.0,0.0,1.0,0.5443205162238104,0.3782682716846466,"Date: | actor: customer | status: closed] From: To: Subject: Date: ""Luis G√≥mez"" <luis.gomez@client.com> ""Sof√≠a Herrera"" <sofia.herrera@acme.com> Re: Opinion about the new Excel export Sun, 05 Oct 2025 11:05:42 -0600 Hi, The file opens fine, but the date format changes (it shows up as text). The columns are clearer than before, I barely had to move anything. From my side it‚Äôs I",3,3,3,1.0000,"The model answer is essentially correct and complete, perfectly matching the gold answer. It is also fully grounded in the retrieved context, which explicitly states the date format changes and shows up as text."
"According to Fernanda, at what time of day is the slowness of the reports module most noticeable?","in the morning, when they open the system",In the morning,in the morning,In the morning,9,9,0.0,0.0,1.0,0.8322725542619336,0.3718861937522888,"1 report takes quite a while, I think more than 1 minute. It happens mainly in the morning, when we open the whole system. From the rest of the team, I know at least 2 people have complained, but I don‚Äôt have their info handy. Fernanda [EVENT: summary_forwarded_to_lead | timestamp: 2025-10-06 13:05:00 | actor: team_member | status: pending] From: To: Subject: 13:05:00",2,2,3,0.7333,"The model correctly identifies 'In the morning' from the context. However, it omits the additional detail 'when they open the system,' which is present in both the gold answer and the retrieved context. The answer is fully grounded in R."
"In the advanced search, how does Roberto usually look up products instead of using the new filters?",by code,Roberto usually looks up products by code.,by code,Roberto usually looks up products by code.,11,11,0.0,1.0,1.0,1.0,0.906427264213562,"I advanced search Tue, 07 Oct 2025 18:59:10 -0600 Hi, I haven‚Äôt used it much, I usually just search by code like before. I tried the filters once, but honestly I didn‚Äôt pay much attention. When I have more time I‚Äôll take a better look. Roberto",3,3,3,1.0000,"The model answer perfectly matches the gold answer and is fully supported by the retrieved context, stating that Roberto usually searches by code."
"In the ticket panel, which colors confuse Luc√≠a because they are too similar?",orange and purple,Mainly orange and purple,orange and purple,Mainly orange and purple,14,14;14,0.7083333333333333,1.0,1.0,1.0,0.9986090064048767,"Subject: 13:40:32 | actor: team_member | status: pending] From: To: Subject: Date: ""Jorge Rojas"" <jorge.rojas@acme.com> ""Ra√∫l Villalobos"" <raul.villalobos@acme.com> Follow-up ‚Äì Ticket panel colors feedback ‚Äì Luc√≠a Ortega Wed, 08 Oct 2025 13:40:32 -0600 Ra√∫l, Follow-up from Luc√≠a: - Colors that confuse her most: orange and purple (she doesn‚Äôt remember what each one means). - She‚Äôd like closed tickets to be in one

---

Mainly orange and purple look too similar, and I don‚Äôt remember which one means ‚Äúwaiting for reply‚Äù and which one is ‚Äúunder review‚Äù. For closed tickets, I‚Äôd like them to show in a light gray and clearly say ‚ÄúCLOSED‚Äù instead of just an icon. Luc√≠a [EVENT: summary_forwarded_to_lead | timestamp: 2025-10-08 13:40:32 | actor: team_member | status: pending] From: To:",3,3,3,1.0000,"La respuesta del modelo es precisa y completa, identificando correctamente los colores mencionados en el contexto. La informaci√≥n est√° totalmente respaldada por el texto recuperado, sin alucinaciones."
"In the billing module, which field did Javier have trouble finding when generating an invoice?",the payment method field,payment method field,payment method field,payment method field,15,15,0.8333333333333334,0.8333333333333334,1.0,1.0,0.7848064303398132,"module ""Elena Cruz"" <elena.cruz@acme.com> ""Teresa Cano"" <teresa.cano@acme.com> Summary ‚Äì Billing module feedback ‚Äì Javier Ruiz Thu, 09 Oct 2025 13:10:05 -0600 Hi Teresa, Summary of Javier‚Äôs case: - He had trouble finding the payment method field when creating an invoice. - Only one stamping error due to a mistyped tax ID (user error).",3,3,3,1.0000,"The model answer is a direct and exact match to the gold answer. It is also fully grounded in the retrieved context, which explicitly states the field Javier had trouble finding."
"In the offline inventory app, what does Paola notice about synchronization when she makes many movements?",that synchronization is slow if she does many movements,Syncing is slow,slow,Syncing is slow,17,17,0.0,0.0,1.0,0.5761922910934242,0.6130132079124451,"about Date: ""Paola Medina"" <paola.medina@client.com> ""Ricardo Salas"" <ricardo.salas@acme.com> Re: Opinion about the offline inventory mode Tue, 14 Oct 2025 09:02:18 -0600 Hi Ricardo, Sorry for replying so late, the email slipped my mind üòÖ. I‚Äôve used it a few times, and when I did, it did save the records and synced fine afterwards. I only noticed that syncing is slow if I do a lot of movements (I didn‚Äôt measure how much). Paola",2,2,3,0.7333,"The model correctly states that syncing is slow, which is directly supported by the context. However, it omits the condition that this slowness occurs specifically when many movements are made, which is present in both the GT and R."
"When using the new integration API, which HTTP error code does Andr√©s mention as problematic to debug?",error 400,400,400 error code,400,18,18,0.0,0.0,1.0,0.7369655941662062,0.39505571126937866,"understand. though the cURL example took me a bit to understand. What took the most time was debugging a 400 error with no clear message. Andr√©s [EVENT: summary_forwarded_to_lead | timestamp: 2025-10-11 11:35:27 | actor: team_member | status: pending] From: To: Subject: Date: ""Ana Torres"" <ana.torres@acme.com> ""Laura M√©ndez"" <laura.mendez@acme.com> Summary ‚Äì Integration API usage ‚Äì Andr√©s Campos Sat, 11 Oct 2025 11:35:27 API",3,3,3,1.0000,"La predicci√≥n es sem√°nticamente correcta y completa, identificando el c√≥digo de error 400. La informaci√≥n est√° claramente respaldada por el contexto recuperado, sin alucinaciones."
"In the branch performance report, what additional functionality does Daniela request?",to sort branches by indicator,sort branches by indicator,to be able to sort branches by indicator,sort branches by indicator,20,20,0.896551724137931,0.725,1.0,1.0,0.6734970808029175,"Feedback about the branch performance report Sun, 12 Oct 2025 10:40:45 -0600 Hi Sof√≠a, Overall it‚Äôs good. I‚Äôd only like to be able to sort branches by indicator (for example, from highest to lowest productivity). Other than that, everything is clear. Daniela",3,3,3,1.0000,The model answer is semantically identical to the gold answer. It covers all relevant information and is fully grounded in the provided retrieved context without any hallucination.
"Regarding the in-app help center, which channel does Sergio prefer to use to solve his doubts?",live chat,live chat,live chat,live chat,21,21;21,1.0,1.0,1.0,1.0,0.988917887210846,"Ram√≠rez"" <diego.ramirez@acme.com> Re: Follow-up on the new in-app help center Mon, 13 Oct 2025 15:30:02 -0600 Hi, I glanced at it, but I almost always prefer to use the live chat. I read one FAQ but then didn‚Äôt keep going. I‚Äôm not really sure if it helped me, to be honest. Sergio [EVENT: summary_forwarded_to_lead | timestamp: 2025-10-13 16:00:00

---

| be honest. Sergio [EVENT: summary_forwarded_to_lead | timestamp: 2025-10-13 16:00:00 | actor: team_member | status: pending] From: To: Subject: Date: ""Diego Ram√≠rez"" <diego.ramirez@acme.com> ""Jos√© Mart√≠nez"" <jose.martinez@acme.com> Summary ‚Äì Help center usage ‚Äì Sergio Navarro Mon, 13 Oct 2025 16:00:00 -0600 Jos√©, Summary of Sergio‚Äôs case: - He just glanced at the help center, doesn‚Äôt use it much. - He prefers live chat. - Not sure if it was useful; his answer is vague.",3,3,3,1.0000,"The model answer is identical to the gold answer. The retrieved context explicitly states that Sergio prefers live chat, making the answer fully grounded and accurate."
"When using the date filters in the financial dashboard, what mistake did Karla make at the beginning?","she set the date range backwards, with start and end inverted",Karla had set the date range backwards.,thought the filter was broken,Karla had set the date range backwards.,23,23;23,0.0,0.0,1.0,0.46158008521587396,0.314635306596756,"Date Date: ""Valeria N√∫√±ez"" <valeria.nunez@acme.com> ""Teresa Cano"" <teresa.cano@acme.com> Summary ‚Äì Date filters in financial dashboard ‚Äì Karla Jim√©nez Tue, 14 Oct 2025 09:55:00 -0600 Hi Teresa, Summary of Karla‚Äôs case: - At first she thought the filter was broken, but it was due to reversed dates (start/end inverted). - After that, she understood it and finds it clear.

---

Date: | actor: customer | status: pending] From: To: Subject: Date: ""Karla Jim√©nez"" <karla.jimenez@client.com> ""Valeria N√∫√±ez"" <valeria.nunez@acme.com> Re: Feedback about the date filters in the financial dashboard Tue, 14 Oct 2025 09:25:17 -0600 Hi Valeria, At first I thought the filter wasn‚Äôt working because I didn‚Äôt see any data, but I later realized I had set the range backwards (from 12/31 later",3,2,3,0.9000,"The model correctly states Karla set the date range backwards, which is directly supported by the context. It omits the explicit detail 'start and end inverted' from the GT, but this is implied by 'backwards'."
"About the internal comments section, which channel is still the main one for Carlos's team?",WhatsApp,WhatsApp,WhatsApp,WhatsApp,25,25,1.0,1.0,1.0,1.0,0.9993317723274231,"Le√≥n"" closed] From: To: Subject: Date: ""Miguel Pineda"" <miguel.pineda@acme.com> ""Patricia Le√≥n"" <patricia.leon@acme.com> Summary ‚Äì Internal comments ‚Äì Client Carlos L√≥pez Wed, 15 Oct 2025 11:00:00 -0600 Patricia, Carlos uses internal comments only for complex orders, but the main channel is still WhatsApp. I‚Äôm logging it as partial usage with no need for additional follow-up. Miguel",3,3,3,1.0000,"The model answer is identical to the gold answer. It correctly identifies 'WhatsApp' as the main channel, which is explicitly stated in the retrieved context."
"In the dark mode interface, at what time of day does Mariana say she uses it more?",at night,at night,light mode,at night,27,27;27,1.0,0.0,1.0,1.0,0.1975705325603485,"status: summary_forwarded_to_lead | timestamp: 2025-10-16 09:40:20 | actor: team_member | status: pending] From: To: Subject: Date: ""Elena Cruz"" <elena.cruz@acme.com> ""Teresa Cano"" <teresa.cano@acme.com> Summary ‚Äì Dark mode ‚Äì Mariana P√©rez Thu, 16 Oct 2025 09:40:20 -0600 Teresa, Mariana uses dark mode only at night; during the day she prefers light mode. She says some tables have too strong a contrast and it says

---

-0600 the new dark mode Thu, 16 Oct 2025 09:10:00 -0600 Hi, Yes, I tried it. I like it for working at night, but during the day I still use light mode. One weird thing is that some tables look very high-contrast, it makes my eyes a bit tired. Mariana [EVENT: summary_forwarded_to_lead | timestamp: 2025-10-16 09:40:20 | actor: team_member |",3,3,3,1.0000,"The model answer 'at night' is perfectly exact and complete compared to the gold answer. It is also fully grounded in the retrieved context, which clearly states Mariana uses dark mode at night."
"In the pending task reminders, what additional information does Luis want the email to include?","the task name, due date and responsible person","task name, due date, and responsible person","the task name, due date, and responsible person","task name, due date, and responsible person",30,30;31;30,0.8913043478260869,0.9787234042553191,1.0,0.9682911402726618,0.8341370224952698,"status: customer_followup_reply | timestamp: 2025-10-17 11:40:30 | actor: customer | status: pending] From: To: Subject: Date: ""Luis G√≥mez"" <luis.gomez@client.com> ""Jorge Rojas"" <jorge.rojas@acme.com> Re: Follow-up on pending task reminders Fri, 17 Oct 2025 11:40:30 -0600 Hi, Yes, exactly that: show the task names and the due date, and if possible, the person responsible for each task. That would make the emails more useful. Luis

---

[EVENT: summary_forwarded_to_lead | timestamp: 2025-10-17 12:05:55 | actor: team_member | status: pending] From: To: Subject: Date: ""Jorge Rojas"" <jorge.rojas@acme.com> ""Ra√∫l Villalobos"" <raul.villalobos@acme.com> Follow-up ‚Äì Task reminders ‚Äì Luis G√≥mez Fri, 17 Oct 2025 12:05:55 -0600 Ra√∫l, Follow-up on Luis‚Äô case: - He wants the reminder to include the task name, due date, and responsible person. - With that, he

---

Jorge [EVENT: lead_requested_followup | timestamp: 2025-10-17 10:35:47 | actor: team_lead | status: open] From: To: Subject: Date: ""Ra√∫l Villalobos"" <raul.villalobos@acme.com> ""Jorge Rojas"" <jorge.rojas@acme.com> Re: Summary ‚Äì Task reminders ‚Äì Luis G√≥mez Fri, 17 Oct 2025 10:35:47 -0600 Jorge, Exactly, ask him for examples of what he‚Äôd like to see: task names, due dates, etc. After that, send me the",3,3,3,1.0000,"The model answer is semantically identical to the gold answer. It covers all the key information requested and is fully grounded in the retrieved context, which explicitly lists the task name, due date, and responsible person."
